{
    "$schema": "https://json.schemastore.org/tsconfig",
    "display": "Default",
    "compilerOptions": {
        "composite": false,
        "declaration": true,
        "declarationMap": true,
        "esModuleInterop": true,
        "forceConsistentCasingInFileNames": true,
        "inlineSources": false,
        "isolatedModules": true,
        "moduleResolution": "node",
        "noUnusedLocals": false,
        "noUnusedParameters": false,
        "preserveWatchOutput": true,
        "skipLibCheck": true,
        "strict": true,
        "downlevelIteration": true
    },
    "exclude": ["node_modules"]
}
